samples,index,variable,value
SAMN08707428,SRP135559.OTU1,SRP135559.OTU7,0.38131678028312394
SAMN08707428,SRP135559.OTU4,SRP135559.OTU7,0.4379668128460505
SAMN08707428,SRP135559.OTU1,SRP135559.OTU8,0.4024710628391102
SAMN08707428,SRP135559.OTU4,SRP135559.OTU8,0.46226386502983063
SAMN08707428,SRP135559.OTU7,SRP135559.OTU8,0.7017733233745466
SAMN08707428,SRP135559.OTU1,SRP135559.OTU9,0.37699231611075945
SAMN08707428,SRP135559.OTU4,SRP135559.OTU9,0.4329998879983394
SAMN08707428,SRP135559.OTU7,SRP135559.OTU9,0.657347011975059
SAMN08707428,SRP135559.OTU8,SRP135559.OTU9,0.69381460309006
SAMN08707428,SRP135559.OTU1,SRP135559.OTU12,0.39370002611449467
SAMN08707428,SRP135559.OTU4,SRP135559.OTU12,0.45218976601749955
SAMN08707428,SRP135559.OTU7,SRP135559.OTU12,0.6864796037509466
SAMN08707428,SRP135559.OTU8,SRP135559.OTU12,0.7245633814852667
SAMN08707428,SRP135559.OTU9,SRP135559.OTU12,0.6786943275580768
SAMN08707428,SRP135559.OTU7,SRP135559.OTU13,-0.39347631140686773
SAMN08707428,SRP135559.OTU8,SRP135559.OTU13,-0.4153051673633453
SAMN08707428,SRP135559.OTU9,SRP135559.OTU13,-0.3890139475683559
SAMN08707428,SRP135559.OTU12,SRP135559.OTU13,-0.4062544374818714
SAMN08707439,SRP135559.OTU5,SRP135559.OTU13,0.3941345621794969
SAMN08707428,SRP135559.OTU1,SRP135559.OTU14,-0.35711587966623337
SAMN08707428,SRP135559.OTU4,SRP135559.OTU14,-0.4101705241453177
SAMN08707428,SRP135559.OTU7,SRP135559.OTU14,-0.6226892336937565
SAMN08707428,SRP135559.OTU8,SRP135559.OTU14,-0.6572341178301112
SAMN08707428,SRP135559.OTU9,SRP135559.OTU14,-0.6156273958181026
SAMN08707428,SRP135559.OTU12,SRP135559.OTU14,-0.6429110394366152
SAMN08707428,SRP135559.OTU13,SRP135559.OTU14,0.36850368602073086
SAMN08707426,SRP135559.OTU1,SRP135559.OTU15,-0.4872179403614119
SAMN08707426,SRP135559.OTU2,SRP135559.OTU15,0.36740492752027043
SAMN08707426,SRP135559.OTU4,SRP135559.OTU15,-0.37895943958111883
SAMN08707426,SRP135559.OTU5,SRP135559.OTU15,0.41437869875914013
SAMN08707426,SRP135559.OTU13,SRP135559.OTU15,0.3809559002930552
SAMN08707428,SRP135559.OTU8,SRP135559.OTU15,-0.3728725865849635
SAMN08707428,SRP135559.OTU12,SRP135559.OTU15,-0.36474658833935425
SAMN08707428,SRP135559.OTU14,SRP135559.OTU15,0.33085290858524113
SAMN08707426,SRP135559.OTU1,SRP135559.OTU16,0.35090756100755083
SAMN08707426,SRP135559.OTU15,SRP135559.OTU16,-0.5162875490732298
SAMN08707428,SRP135559.OTU7,SRP135559.OTU16,0.4379522897455379
SAMN08707428,SRP135559.OTU8,SRP135559.OTU16,0.4622485362323551
SAMN08707428,SRP135559.OTU9,SRP135559.OTU16,0.4329855296024271
SAMN08707428,SRP135559.OTU12,SRP135559.OTU16,0.45217477127993044
SAMN08707428,SRP135559.OTU14,SRP135559.OTU16,-0.41015692277741794
SAMN08707439,SRP135559.OTU5,SRP135559.OTU17,-0.4237381514088382
SAMN08707439,SRP135559.OTU13,SRP135559.OTU17,-0.42034941327698455
SAMN08707428,SRP135559.OTU1,SRP135559.OTU21,0.3832717355818712
SAMN08707428,SRP135559.OTU4,SRP135559.OTU21,0.4402122045668479
SAMN08707428,SRP135559.OTU7,SRP135559.OTU21,0.668296194358555
SAMN08707428,SRP135559.OTU8,SRP135559.OTU21,0.7053712124473326
SAMN08707428,SRP135559.OTU9,SRP135559.OTU21,0.6607171338543588
SAMN08707428,SRP135559.OTU12,SRP135559.OTU21,0.6899990841625835
SAMN08707428,SRP135559.OTU13,SRP135559.OTU21,-0.39549360684124446
SAMN08707428,SRP135559.OTU14,SRP135559.OTU21,-0.6258816702185238
SAMN08707428,SRP135559.OTU15,SRP135559.OTU21,-0.35508521383672764
SAMN08707428,SRP135559.OTU16,SRP135559.OTU21,0.44019760700852556
SAMN08707426,SRP135559.OTU1,SRP135559.OTU22,-0.47654923925771003
SAMN08707426,SRP135559.OTU2,SRP135559.OTU22,0.3593597940573413
SAMN08707426,SRP135559.OTU4,SRP135559.OTU22,-0.37066129483645227
SAMN08707426,SRP135559.OTU5,SRP135559.OTU22,0.40530497196344206
SAMN08707426,SRP135559.OTU13,SRP135559.OTU22,0.3726140386799476
SAMN08707426,SRP135559.OTU15,SRP135559.OTU22,0.7011431672849622
SAMN08707426,SRP135559.OTU16,SRP135559.OTU22,-0.5049823053858992
SAMN08707439,SRP135559.OTU5,SRP135559.OTU25,0.4155197613163584
SAMN08707439,SRP135559.OTU13,SRP135559.OTU25,0.4121967476697705
SAMN08707439,SRP135559.OTU17,SRP135559.OTU25,-0.44315699417088583
SAMN08707439,SRP135559.OTU5,SRP135559.OTU26,0.4202945822138011
SAMN08707439,SRP135559.OTU13,SRP135559.OTU26,0.41693338315106854
SAMN08707439,SRP135559.OTU17,SRP135559.OTU26,-0.4482494000528868
SAMN08707439,SRP135559.OTU25,SRP135559.OTU26,0.4395556149497364
SAMN08707428,SRP135559.OTU4,SRP135559.OTU29,0.38704541982310464
SAMN08707428,SRP135559.OTU7,SRP135559.OTU29,0.5875824850567299
SAMN08707428,SRP135559.OTU8,SRP135559.OTU29,0.6201797547195275
SAMN08707428,SRP135559.OTU9,SRP135559.OTU29,0.5809187882662292
SAMN08707428,SRP135559.OTU12,SRP135559.OTU29,0.6066642006666824
SAMN08707428,SRP135559.OTU14,SRP135559.OTU29,-0.5502905900750162
SAMN08707428,SRP135559.OTU16,SRP135559.OTU29,0.387032585290053
SAMN08707428,SRP135559.OTU21,SRP135559.OTU29,0.5905949344216906
SAMN08707436,SRP135559.OTU25,SRP135559.OTU29,0.35982183293366427
SAMN08707434,SRP135559.OTU2,SRP135559.OTU32,-0.3387262232067363
SAMN08707434,SRP135559.OTU24,SRP135559.OTU32,-0.47269387091517273
SAMN08707421,SRP135559.OTU4,SRP135559.OTU32,-0.6520105757787139
SAMN08707426,SRP135559.OTU15,SRP135559.OTU36,0.4044735401594678
SAMN08707426,SRP135559.OTU22,SRP135559.OTU36,0.39561670844855723
SAMN08707439,SRP135559.OTU5,SRP135559.OTU36,0.41007503193986844
SAMN08707439,SRP135559.OTU13,SRP135559.OTU36,0.4067955611321645
SAMN08707439,SRP135559.OTU17,SRP135559.OTU36,-0.4373501225628659
SAMN08707439,SRP135559.OTU25,SRP135559.OTU36,0.42886772865458744
SAMN08707439,SRP135559.OTU26,SRP135559.OTU36,0.43379593372125247
SAMN08707426,SRP135559.OTU15,SRP135559.OTU38,-0.4389903127118463
SAMN08707426,SRP135559.OTU22,SRP135559.OTU38,-0.42937766086600254
SAMN08707428,SRP135559.OTU1,SRP135559.OTU38,0.35882441307707663
SAMN08707428,SRP135559.OTU4,SRP135559.OTU38,0.41213288450101054
SAMN08707428,SRP135559.OTU7,SRP135559.OTU38,0.6256683377350905
SAMN08707428,SRP135559.OTU8,SRP135559.OTU38,0.6603784934039679
SAMN08707428,SRP135559.OTU9,SRP135559.OTU38,0.6185727142267063
SAMN08707428,SRP135559.OTU12,SRP135559.OTU38,0.6459868897519361
SAMN08707428,SRP135559.OTU13,SRP135559.OTU38,-0.3702667016003623
SAMN08707428,SRP135559.OTU14,SRP135559.OTU38,-0.5859592610733725
SAMN08707428,SRP135559.OTU16,SRP135559.OTU38,0.4121192180606992
SAMN08707428,SRP135559.OTU21,SRP135559.OTU38,0.6288760476900667
SAMN08707428,SRP135559.OTU29,SRP135559.OTU38,0.5529233205480899
SAMN08707421,SRP135559.OTU32,SRP135559.OTU38,0.7807756893141506
SAMN08707439,SRP135559.OTU1,SRP135559.OTU39,-0.3999947643450186
SAMN08707439,SRP135559.OTU2,SRP135559.OTU39,-0.4293411220373791
SAMN08707439,SRP135559.OTU4,SRP135559.OTU39,-0.37988458958355587
SAMN08707439,SRP135559.OTU5,SRP135559.OTU39,0.564869542640001
SAMN08707439,SRP135559.OTU8,SRP135559.OTU39,-0.3768509188874352
SAMN08707439,SRP135559.OTU9,SRP135559.OTU39,-0.3502116955089845
SAMN08707439,SRP135559.OTU13,SRP135559.OTU39,0.5603521420889704
SAMN08707439,SRP135559.OTU14,SRP135559.OTU39,0.418342953770495
SAMN08707439,SRP135559.OTU17,SRP135559.OTU39,-0.6024403937420411
SAMN08707439,SRP135559.OTU25,SRP135559.OTU39,0.5907560784478484
SAMN08707439,SRP135559.OTU26,SRP135559.OTU39,0.5975445750038917
SAMN08707439,SRP135559.OTU36,SRP135559.OTU39,0.5830151542509457
SAMN08707436,SRP135559.OTU29,SRP135559.OTU41,0.4000388481971629
SAMN08707439,SRP135559.OTU5,SRP135559.OTU41,0.36482194981364385
SAMN08707439,SRP135559.OTU13,SRP135559.OTU41,0.3619043790247963
SAMN08707439,SRP135559.OTU17,SRP135559.OTU41,-0.38908714756380797
SAMN08707439,SRP135559.OTU25,SRP135559.OTU41,0.3815408127624263
SAMN08707439,SRP135559.OTU26,SRP135559.OTU41,0.3859251747485661
SAMN08707439,SRP135559.OTU36,SRP135559.OTU41,0.37654132377303073
SAMN08707439,SRP135559.OTU39,SRP135559.OTU41,0.5186775803895353
SAMN08707426,SRP135559.OTU22,SRP135559.OTU47,0.3521672414699593
SAMN08707434,SRP135559.OTU32,SRP135559.OTU47,0.34470929929841615
SAMN08707439,SRP135559.OTU5,SRP135559.OTU47,0.4045240239045654
SAMN08707439,SRP135559.OTU13,SRP135559.OTU47,0.401288945872298
SAMN08707439,SRP135559.OTU17,SRP135559.OTU47,-0.4314299034432018
SAMN08707439,SRP135559.OTU25,SRP135559.OTU47,0.4230623320261166
SAMN08707439,SRP135559.OTU26,SRP135559.OTU47,0.4279238261160238
SAMN08707439,SRP135559.OTU36,SRP135559.OTU47,0.4175187691881624
SAMN08707439,SRP135559.OTU39,SRP135559.OTU47,0.5751231307092026
SAMN08707439,SRP135559.OTU41,SRP135559.OTU47,0.3714442470161257
SAMN08707428,SRP135559.OTU21,SRP135559.OTU51,0.32997017700881776
SAMN08707434,SRP135559.OTU24,SRP135559.OTU51,0.42455736689410506
SAMN08707434,SRP135559.OTU32,SRP135559.OTU51,-0.4137146367948793
SAMN08707421,SRP135559.OTU32,SRP135559.OTU51,0.6892173553829045
SAMN08707426,SRP135559.OTU1,SRP135559.OTU55,-0.49468571496758407
SAMN08707426,SRP135559.OTU2,SRP135559.OTU55,0.37303628252719645
SAMN08707426,SRP135559.OTU4,SRP135559.OTU55,-0.38476789498728436
SAMN08707426,SRP135559.OTU5,SRP135559.OTU55,0.42073003861669284
SAMN08707426,SRP135559.OTU13,SRP135559.OTU55,0.3867949562115824
SAMN08707426,SRP135559.OTU15,SRP135559.OTU55,0.7278272221004
SAMN08707426,SRP135559.OTU16,SRP135559.OTU55,-0.5242008846240348
SAMN08707426,SRP135559.OTU22,SRP135559.OTU55,0.7118898551759251
SAMN08707426,SRP135559.OTU36,SRP135559.OTU55,0.41067305988534414
SAMN08707426,SRP135559.OTU38,SRP135559.OTU55,-0.44571888413348426
SAMN08707426,SRP135559.OTU47,SRP135559.OTU55,0.3655699963052875
SAMN08707436,SRP135559.OTU25,SRP135559.OTU57,-0.36953388085936584
SAMN08707436,SRP135559.OTU29,SRP135559.OTU57,-0.4354806053357001
SAMN08707436,SRP135559.OTU41,SRP135559.OTU57,-0.41083640440479186
SAMN08707439,SRP135559.OTU39,SRP135559.OTU57,0.40427183860426125
SAMN08707434,SRP135559.OTU24,SRP135559.OTU59,0.3773991632011425
SAMN08707434,SRP135559.OTU32,SRP135559.OTU59,-0.367760801968126
SAMN08707439,SRP135559.OTU5,SRP135559.OTU59,-0.4324495117130826
SAMN08707439,SRP135559.OTU13,SRP135559.OTU59,-0.4289911066920306
SAMN08707439,SRP135559.OTU17,SRP135559.OTU59,0.4612127835612816
SAMN08707439,SRP135559.OTU25,SRP135559.OTU59,-0.4522675739823406
SAMN08707439,SRP135559.OTU26,SRP135559.OTU59,-0.4574646713638114
SAMN08707439,SRP135559.OTU36,SRP135559.OTU59,-0.4463413226332004
SAMN08707439,SRP135559.OTU39,SRP135559.OTU59,-0.614825578588553
SAMN08707439,SRP135559.OTU41,SRP135559.OTU59,-0.3970861401513523
SAMN08707439,SRP135559.OTU47,SRP135559.OTU59,-0.44029939353377645
SAMN08707421,SRP135559.OTU1,SRP135559.OTU59,0.7020803254019398
SAMN08707421,SRP135559.OTU4,SRP135559.OTU59,-0.8154619385608056
SAMN08707421,SRP135559.OTU22,SRP135559.OTU59,-0.8598989385020377
SAMN08707421,SRP135559.OTU29,SRP135559.OTU59,-0.8423642826680817
SAMN08707421,SRP135559.OTU32,SRP135559.OTU59,1.131464699746469
SAMN08707421,SRP135559.OTU38,SRP135559.OTU59,0.9765069476501163
SAMN08707421,SRP135559.OTU51,SRP135559.OTU59,0.8619960190661735
SAMN08707426,SRP135559.OTU1,SRP135559.OTU61,-0.3862979234576862
SAMN08707426,SRP135559.OTU15,SRP135559.OTU61,0.5683571124583303
SAMN08707426,SRP135559.OTU16,SRP135559.OTU61,-0.4093461910825869
SAMN08707426,SRP135559.OTU22,SRP135559.OTU61,0.5559116919377248
SAMN08707426,SRP135559.OTU38,SRP135559.OTU61,-0.3480599382133456
SAMN08707426,SRP135559.OTU55,SRP135559.OTU61,0.5770685380033446
SAMN08707428,SRP135559.OTU4,SRP135559.OTU61,-0.36559824104147454
SAMN08707428,SRP135559.OTU7,SRP135559.OTU61,-0.5550230334767945
SAMN08707428,SRP135559.OTU8,SRP135559.OTU61,-0.5858140048747253
SAMN08707428,SRP135559.OTU9,SRP135559.OTU61,-0.5487285892057467
SAMN08707428,SRP135559.OTU12,SRP135559.OTU61,-0.5730473823148214
SAMN08707428,SRP135559.OTU14,SRP135559.OTU61,0.5197975779820642
SAMN08707428,SRP135559.OTU16,SRP135559.OTU61,-0.3655861177027966
SAMN08707428,SRP135559.OTU21,SRP135559.OTU61,-0.557868555300976
SAMN08707428,SRP135559.OTU29,SRP135559.OTU61,-0.49049178317314646
SAMN08707428,SRP135559.OTU38,SRP135559.OTU61,-0.5222844221114482
SAMN08707421,SRP135559.OTU59,SRP135559.OTU61,-0.8742199883260166
SAMN08707426,SRP135559.OTU15,SRP135559.OTU64,0.3469189861490912
SAMN08707426,SRP135559.OTU55,SRP135559.OTU64,0.35223634534411885
SAMN08707436,SRP135559.OTU29,SRP135559.OTU64,0.3608593605972803
SAMN08707436,SRP135559.OTU57,SRP135559.OTU64,-0.37059941271136354
SAMN08707439,SRP135559.OTU5,SRP135559.OTU64,0.3998757536346723
SAMN08707439,SRP135559.OTU13,SRP135559.OTU64,0.3966778489620809
SAMN08707439,SRP135559.OTU17,SRP135559.OTU64,-0.42647246537966915
SAMN08707439,SRP135559.OTU25,SRP135559.OTU64,0.4182010433409913
SAMN08707439,SRP135559.OTU26,SRP135559.OTU64,0.4230066753878306
SAMN08707439,SRP135559.OTU36,SRP135559.OTU64,0.41272118000370017
SAMN08707439,SRP135559.OTU39,SRP135559.OTU64,0.56851455472353
SAMN08707439,SRP135559.OTU41,SRP135559.OTU64,0.3671760870347665
SAMN08707439,SRP135559.OTU47,SRP135559.OTU64,0.40713435220854616
SAMN08707439,SRP135559.OTU59,SRP135559.OTU64,-0.4352400386874056
SAMN08707428,SRP135559.OTU7,SRP135559.OTU71,0.4233522829139306
SAMN08707428,SRP135559.OTU8,SRP135559.OTU71,0.4468385659115832
SAMN08707428,SRP135559.OTU9,SRP135559.OTU71,0.4185510995555935
SAMN08707428,SRP135559.OTU12,SRP135559.OTU71,0.43710062986237275
SAMN08707428,SRP135559.OTU14,SRP135559.OTU71,-0.3964835295453361
SAMN08707428,SRP135559.OTU21,SRP135559.OTU71,0.4255227480796777
SAMN08707428,SRP135559.OTU29,SRP135559.OTU71,0.3741300876399719
SAMN08707428,SRP135559.OTU38,SRP135559.OTU71,0.3983804078295234
SAMN08707434,SRP135559.OTU32,SRP135559.OTU71,0.34691476281401223
SAMN08707439,SRP135559.OTU39,SRP135559.OTU71,0.4479286719951565
SAMN08707434,SRP135559.OTU2,SRP135559.OTU72,0.38569069207103235
SAMN08707434,SRP135559.OTU24,SRP135559.OTU72,0.5382329849901699
SAMN08707434,SRP135559.OTU26,SRP135559.OTU72,-0.3394497598692698
SAMN08707434,SRP135559.OTU32,SRP135559.OTU72,-0.5244871041226623
SAMN08707434,SRP135559.OTU47,SRP135559.OTU72,-0.392503323040868
SAMN08707434,SRP135559.OTU51,SRP135559.OTU72,0.47107626647478146
SAMN08707434,SRP135559.OTU59,SRP135559.OTU72,0.41875092186504087
SAMN08707434,SRP135559.OTU71,SRP135559.OTU72,-0.39501457458087197
SAMN08707421,SRP135559.OTU32,SRP135559.OTU72,0.7169302306314818
SAMN08707421,SRP135559.OTU38,SRP135559.OTU72,0.6187443155309336
SAMN08707421,SRP135559.OTU59,SRP135559.OTU72,0.8966561853469249
SAMN08707428,SRP135559.OTU4,SRP135559.OTU74,-0.33637796179731966
SAMN08707428,SRP135559.OTU7,SRP135559.OTU74,-0.5106630606855412
SAMN08707428,SRP135559.OTU8,SRP135559.OTU74,-0.5389930771842273
SAMN08707428,SRP135559.OTU9,SRP135559.OTU74,-0.5048716971152181
SAMN08707428,SRP135559.OTU12,SRP135559.OTU74,-0.5272468213392791
SAMN08707428,SRP135559.OTU14,SRP135559.OTU74,0.47825298428871477
SAMN08707428,SRP135559.OTU16,SRP135559.OTU74,-0.33636680741117425
SAMN08707428,SRP135559.OTU21,SRP135559.OTU74,-0.5132811554245676
SAMN08707428,SRP135559.OTU29,SRP135559.OTU74,-0.451289442290831
SAMN08707428,SRP135559.OTU38,SRP135559.OTU74,-0.48054106849056116
SAMN08707428,SRP135559.OTU61,SRP135559.OTU74,0.42628233755491335
SAMN08707436,SRP135559.OTU57,SRP135559.OTU74,0.34409123723277163
SAMN08707434,SRP135559.OTU24,SRP135559.OTU76,0.3737366524906021
SAMN08707434,SRP135559.OTU32,SRP135559.OTU76,-0.3641918277692954
SAMN08707434,SRP135559.OTU72,SRP135559.OTU76,0.41468710857152297
SAMN08707439,SRP135559.OTU5,SRP135559.OTU76,-0.4645611364419177
SAMN08707439,SRP135559.OTU13,SRP135559.OTU76,-0.4608459268663724
SAMN08707439,SRP135559.OTU14,SRP135559.OTU76,-0.3440544468334861
SAMN08707439,SRP135559.OTU17,SRP135559.OTU76,0.49546023077700996
SAMN08707439,SRP135559.OTU25,SRP135559.OTU76,-0.4858507928769828
SAMN08707439,SRP135559.OTU26,SRP135559.OTU76,-0.49143380176088974
SAMN08707439,SRP135559.OTU36,SRP135559.OTU76,-0.47948448655213344
SAMN08707439,SRP135559.OTU39,SRP135559.OTU76,-0.6604795745316066
SAMN08707439,SRP135559.OTU41,SRP135559.OTU76,-0.4265718506729121
SAMN08707439,SRP135559.OTU47,SRP135559.OTU76,-0.4729939128025852
SAMN08707439,SRP135559.OTU57,SRP135559.OTU76,-0.3324820522198918
SAMN08707439,SRP135559.OTU59,SRP135559.OTU76,0.5056460792128245
SAMN08707439,SRP135559.OTU64,SRP135559.OTU76,-0.4675588745531898
SAMN08707439,SRP135559.OTU71,SRP135559.OTU76,-0.36838639225341924
SAMN08707421,SRP135559.OTU4,SRP135559.OTU76,-0.6829913452595836
SAMN08707421,SRP135559.OTU32,SRP135559.OTU76,0.947659922371654
SAMN08707421,SRP135559.OTU38,SRP135559.OTU76,0.8178748293365641
SAMN08707421,SRP135559.OTU51,SRP135559.OTU76,0.7219660327856146
SAMN08707421,SRP135559.OTU59,SRP135559.OTU76,1.1852270900216901
SAMN08707421,SRP135559.OTU72,SRP135559.OTU76,0.7509957059997814
SAMN08707428,SRP135559.OTU1,SRP135559.OTU77,0.4196234103202648
SAMN08707428,SRP135559.OTU4,SRP135559.OTU77,0.48196443774937264
SAMN08707428,SRP135559.OTU7,SRP135559.OTU77,0.7316812124302543
SAMN08707428,SRP135559.OTU8,SRP135559.OTU77,0.7722726364351561
SAMN08707428,SRP135559.OTU9,SRP135559.OTU77,0.7233833106531611
SAMN08707428,SRP135559.OTU12,SRP135559.OTU77,0.7554425279354149
SAMN08707428,SRP135559.OTU13,SRP135559.OTU77,-0.4330044734726712
SAMN08707428,SRP135559.OTU14,SRP135559.OTU77,-0.6852438532033066
SAMN08707428,SRP135559.OTU15,SRP135559.OTU77,-0.3887635182862045
SAMN08707428,SRP135559.OTU16,SRP135559.OTU77,0.4819484556754629
SAMN08707428,SRP135559.OTU21,SRP135559.OTU77,0.7354324348710091
SAMN08707428,SRP135559.OTU29,SRP135559.OTU77,0.6466103223699996
SAMN08707428,SRP135559.OTU38,SRP135559.OTU77,0.6885222344919433
SAMN08707428,SRP135559.OTU61,SRP135559.OTU77,-0.6107799870252355
SAMN08707428,SRP135559.OTU71,SRP135559.OTU77,0.46588174952938305
SAMN08707428,SRP135559.OTU74,SRP135559.OTU77,-0.561963664149125
SAMN08707428,SRP135559.OTU7,SRP135559.OTU78,-0.4774136645010836
SAMN08707428,SRP135559.OTU8,SRP135559.OTU78,-0.5038991067295796
SAMN08707428,SRP135559.OTU9,SRP135559.OTU78,-0.47199937802253084
SAMN08707428,SRP135559.OTU12,SRP135559.OTU78,-0.4929176524619148
SAMN08707428,SRP135559.OTU14,SRP135559.OTU78,0.44711381606756423
SAMN08707428,SRP135559.OTU21,SRP135559.OTU78,-0.47986129445436754
SAMN08707428,SRP135559.OTU29,SRP135559.OTU78,-0.4219058768525023
SAMN08707428,SRP135559.OTU38,SRP135559.OTU78,-0.44925292255007365
SAMN08707428,SRP135559.OTU61,SRP135559.OTU78,0.3985269907930532
SAMN08707428,SRP135559.OTU74,SRP135559.OTU78,0.36667489565131345
SAMN08707428,SRP135559.OTU77,SRP135559.OTU78,-0.5253740731857995
SAMN08707439,SRP135559.OTU1,SRP135559.OTU78,-0.3232723391824838
SAMN08707439,SRP135559.OTU2,SRP135559.OTU78,-0.3469898138680082
SAMN08707439,SRP135559.OTU5,SRP135559.OTU78,0.4565227214440838
SAMN08707439,SRP135559.OTU13,SRP135559.OTU78,0.4528717970487429
SAMN08707439,SRP135559.OTU14,SRP135559.OTU78,0.3381011885676744
SAMN08707439,SRP135559.OTU17,SRP135559.OTU78,-0.4868871611904926
SAMN08707439,SRP135559.OTU25,SRP135559.OTU78,0.47744399774537993
SAMN08707439,SRP135559.OTU26,SRP135559.OTU78,0.48293040246069635
SAMN08707439,SRP135559.OTU36,SRP135559.OTU78,0.47118784917637385
SAMN08707439,SRP135559.OTU39,SRP135559.OTU78,0.6490511348684416
SAMN08707439,SRP135559.OTU41,SRP135559.OTU78,0.4191907735807442
SAMN08707439,SRP135559.OTU47,SRP135559.OTU78,0.46480958341232026
SAMN08707439,SRP135559.OTU57,SRP135559.OTU78,0.3267290339292429
SAMN08707439,SRP135559.OTU59,SRP135559.OTU78,-0.4968967613988742
SAMN08707439,SRP135559.OTU64,SRP135559.OTU78,0.4594685889594257
SAMN08707439,SRP135559.OTU71,SRP135559.OTU78,0.36201211238324327
SAMN08707439,SRP135559.OTU76,SRP135559.OTU78,-0.5337939295048253
SAMN08707428,SRP135559.OTU8,SRP135559.OTU80,-0.35756171976190537
SAMN08707428,SRP135559.OTU77,SRP135559.OTU80,-0.3728001391902535
SAMN08707431,SRP135559.OTU4,SRP135559.OTU80,0.3696862222966238
SAMN08707431,SRP135559.OTU5,SRP135559.OTU80,-0.37539469485798893
SAMN08707431,SRP135559.OTU17,SRP135559.OTU80,0.43947951590112094
SAMN08707431,SRP135559.OTU24,SRP135559.OTU80,-0.550090419246008
SAMN08707431,SRP135559.OTU32,SRP135559.OTU80,0.45311880900553686
SAMN08707431,SRP135559.OTU51,SRP135559.OTU80,-0.45566658930646686
SAMN08707428,SRP135559.OTU7,SRP135559.OTU82,0.4328837438871218
SAMN08707428,SRP135559.OTU8,SRP135559.OTU82,0.45689880303369834
SAMN08707428,SRP135559.OTU9,SRP135559.OTU82,0.4279744654655192
SAMN08707428,SRP135559.OTU12,SRP135559.OTU82,0.4469416246155236
SAMN08707428,SRP135559.OTU14,SRP135559.OTU82,-0.4054100605713723
SAMN08707428,SRP135559.OTU21,SRP135559.OTU82,0.43510307545764787
SAMN08707428,SRP135559.OTU29,SRP135559.OTU82,0.38255334758956316
SAMN08707428,SRP135559.OTU38,SRP135559.OTU82,0.40734964565570286
SAMN08707428,SRP135559.OTU61,SRP135559.OTU82,-0.36135508604440836
SAMN08707428,SRP135559.OTU77,SRP135559.OTU82,0.47637072973092387
SAMN08707431,SRP135559.OTU24,SRP135559.OTU82,-0.39683176507981766
SAMN08707431,SRP135559.OTU80,SRP135559.OTU82,0.4947729097571539
SAMN08707434,SRP135559.OTU72,SRP135559.OTU82,-0.3402272052378888
SAMN08707428,SRP135559.OTU1,SRP135559.OTU85,0.42352652835851545
SAMN08707428,SRP135559.OTU4,SRP135559.OTU85,0.4864474195004125
SAMN08707428,SRP135559.OTU7,SRP135559.OTU85,0.7384869293379598
SAMN08707428,SRP135559.OTU8,SRP135559.OTU85,0.7794559135917306
SAMN08707428,SRP135559.OTU9,SRP135559.OTU85,0.7301118448076899
SAMN08707428,SRP135559.OTU12,SRP135559.OTU85,0.7624692602032737
SAMN08707428,SRP135559.OTU13,SRP135559.OTU85,-0.4370320551792412
SAMN08707428,SRP135559.OTU14,SRP135559.OTU85,-0.6916176340226294
SAMN08707428,SRP135559.OTU15,SRP135559.OTU85,-0.3923795937088759
SAMN08707428,SRP135559.OTU16,SRP135559.OTU85,0.4864312887695895
SAMN08707428,SRP135559.OTU21,SRP135559.OTU85,0.7422730436927828
SAMN08707428,SRP135559.OTU29,SRP135559.OTU85,0.6526247542412701
SAMN08707428,SRP135559.OTU38,SRP135559.OTU85,0.6949265091036267
SAMN08707428,SRP135559.OTU51,SRP135559.OTU85,0.3646267401331424
SAMN08707428,SRP135559.OTU61,SRP135559.OTU85,-0.6164611438104141
SAMN08707428,SRP135559.OTU71,SRP135559.OTU85,0.4702151385052081
SAMN08707428,SRP135559.OTU74,SRP135559.OTU85,-0.5671907569672017
SAMN08707428,SRP135559.OTU77,SRP135559.OTU85,0.8126744475699378
SAMN08707428,SRP135559.OTU78,SRP135559.OTU85,-0.5302608287181367
SAMN08707428,SRP135559.OTU80,SRP135559.OTU85,-0.37626773158893617
SAMN08707428,SRP135559.OTU82,SRP135559.OTU85,0.48080168172830723
SAMN08707428,SRP135559.OTU4,SRP135559.OTU86,-0.39986302750634134
SAMN08707428,SRP135559.OTU7,SRP135559.OTU86,-0.6070411878065018
SAMN08707428,SRP135559.OTU8,SRP135559.OTU86,-0.6407179664692336
SAMN08707428,SRP135559.OTU9,SRP135559.OTU86,-0.6001568123906871
SAMN08707428,SRP135559.OTU12,SRP135559.OTU86,-0.6267548239407256
SAMN08707428,SRP135559.OTU13,SRP135559.OTU86,0.3592432680201351
SAMN08707428,SRP135559.OTU14,SRP135559.OTU86,0.568514314046694
SAMN08707428,SRP135559.OTU16,SRP135559.OTU86,-0.39984976793787774
SAMN08707428,SRP135559.OTU21,SRP135559.OTU86,-0.610153399091248
SAMN08707428,SRP135559.OTU29,SRP135559.OTU86,-0.5364619064574458
SAMN08707428,SRP135559.OTU38,SRP135559.OTU86,-0.5712342314611737
SAMN08707428,SRP135559.OTU61,SRP135559.OTU86,0.5067351771692257
SAMN08707428,SRP135559.OTU71,SRP135559.OTU86,-0.38651998412306643
SAMN08707428,SRP135559.OTU74,SRP135559.OTU86,0.46623459013811536
SAMN08707428,SRP135559.OTU77,SRP135559.OTU86,-0.6680238232450594
SAMN08707428,SRP135559.OTU78,SRP135559.OTU86,0.4358779424855718
SAMN08707428,SRP135559.OTU82,SRP135559.OTU86,-0.39522219335333164
SAMN08707428,SRP135559.OTU85,SRP135559.OTU86,-0.6742374323296882
SAMN08707434,SRP135559.OTU24,SRP135559.OTU86,0.37763548019560195
SAMN08707434,SRP135559.OTU32,SRP135559.OTU86,-0.36799108368540373
SAMN08707434,SRP135559.OTU72,SRP135559.OTU86,0.4190131321954585
SAMN08707436,SRP135559.OTU57,SRP135559.OTU87,-0.3243470942794013
SAMN08707439,SRP135559.OTU1,SRP135559.OTU87,-0.343443508077853
SAMN08707439,SRP135559.OTU2,SRP135559.OTU87,-0.3686408779776205
SAMN08707439,SRP135559.OTU5,SRP135559.OTU87,0.4850082916667314
SAMN08707439,SRP135559.OTU13,SRP135559.OTU87,0.48112956116589783
SAMN08707439,SRP135559.OTU14,SRP135559.OTU87,0.35919763064363514
SAMN08707439,SRP135559.OTU17,SRP135559.OTU87,-0.5172673761702108
SAMN08707439,SRP135559.OTU25,SRP135559.OTU87,0.5072349892696064
SAMN08707439,SRP135559.OTU26,SRP135559.OTU87,0.5130637282422271
SAMN08707439,SRP135559.OTU36,SRP135559.OTU87,0.5005884768676196
SAMN08707439,SRP135559.OTU39,SRP135559.OTU87,0.689549867597232
SAMN08707439,SRP135559.OTU41,SRP135559.OTU87,0.4453469486332115
SAMN08707439,SRP135559.OTU47,SRP135559.OTU87,0.4938122275448378
SAMN08707439,SRP135559.OTU57,SRP135559.OTU87,0.3471158896159191
SAMN08707439,SRP135559.OTU59,SRP135559.OTU87,-0.527901543691988
SAMN08707439,SRP135559.OTU64,SRP135559.OTU87,0.4881379719739304
SAMN08707439,SRP135559.OTU71,SRP135559.OTU87,0.3846005202857508
SAMN08707439,SRP135559.OTU76,SRP135559.OTU87,-0.5671009780899089
SAMN08707439,SRP135559.OTU78,SRP135559.OTU87,0.5572882911258669
SAMN08707431,SRP135559.OTU80,SRP135559.OTU88,-0.40385262049179166
SAMN08707434,SRP135559.OTU72,SRP135559.OTU88,-0.3908234262430834
SAMN08707439,SRP135559.OTU5,SRP135559.OTU88,0.417789767729421
SAMN08707439,SRP135559.OTU13,SRP135559.OTU88,0.4144486002836863
SAMN08707439,SRP135559.OTU17,SRP135559.OTU88,-0.44557798424744577
SAMN08707439,SRP135559.OTU25,SRP135559.OTU88,0.436936011182261
SAMN08707439,SRP135559.OTU26,SRP135559.OTU88,0.44195693050130613
SAMN08707439,SRP135559.OTU36,SRP135559.OTU88,0.4312106557185551
SAMN08707439,SRP135559.OTU39,SRP135559.OTU88,0.5939834101212782
SAMN08707439,SRP135559.OTU41,SRP135559.OTU88,0.38362519038401527
SAMN08707439,SRP135559.OTU47,SRP135559.OTU88,0.42537354390153276
SAMN08707439,SRP135559.OTU59,SRP135559.OTU88,-0.45473833563783383
SAMN08707439,SRP135559.OTU64,SRP135559.OTU88,0.4204856977394393
SAMN08707439,SRP135559.OTU76,SRP135559.OTU88,-0.48850502143190966
SAMN08707439,SRP135559.OTU78,SRP135559.OTU88,0.480052299534269
SAMN08707439,SRP135559.OTU87,SRP135559.OTU88,0.5100060408194149
SAMN08707439,SRP135559.OTU1,SRP135559.OTU91,-0.4042014905342727
SAMN08707439,SRP135559.OTU2,SRP135559.OTU91,-0.4338564824950487
SAMN08707439,SRP135559.OTU4,SRP135559.OTU91,-0.3838798180073878
SAMN08707439,SRP135559.OTU5,SRP135559.OTU91,0.5708102491450641
SAMN08707439,SRP135559.OTU8,SRP135559.OTU91,-0.3808142423387411
SAMN08707439,SRP135559.OTU13,SRP135559.OTU91,0.5662453393041644
SAMN08707439,SRP135559.OTU14,SRP135559.OTU91,0.42274264700797515
SAMN08707439,SRP135559.OTU17,SRP135559.OTU91,-0.6087762311272353
SAMN08707439,SRP135559.OTU25,SRP135559.OTU91,0.5969690324367259
SAMN08707439,SRP135559.OTU26,SRP135559.OTU91,0.6038289232928792
SAMN08707439,SRP135559.OTU36,SRP135559.OTU91,0.5891466973028541
SAMN08707439,SRP135559.OTU38,SRP135559.OTU91,-0.3356651664896667
SAMN08707439,SRP135559.OTU39,SRP135559.OTU91,0.8115369128402073
SAMN08707439,SRP135559.OTU41,SRP135559.OTU91,0.5241324881925822
SAMN08707439,SRP135559.OTU47,SRP135559.OTU91,0.581171673719414
SAMN08707439,SRP135559.OTU57,SRP135559.OTU91,0.40852354658303747
SAMN08707439,SRP135559.OTU59,SRP135559.OTU91,-0.6212916703822967
SAMN08707439,SRP135559.OTU64,SRP135559.OTU91,0.5744935956498373
SAMN08707439,SRP135559.OTU71,SRP135559.OTU91,0.4526395168445518
SAMN08707439,SRP135559.OTU76,SRP135559.OTU91,-0.6674258072609252
SAMN08707439,SRP135559.OTU78,SRP135559.OTU91,0.6558771752334623
SAMN08707439,SRP135559.OTU87,SRP135559.OTU91,0.6968018312362259
SAMN08707439,SRP135559.OTU88,SRP135559.OTU91,0.6002303058061034
SAMN08707434,SRP135559.OTU72,SRP135559.OTU102,-0.3588430533966424
SAMN08707439,SRP135559.OTU5,SRP135559.OTU102,0.39793624043185
SAMN08707439,SRP135559.OTU13,SRP135559.OTU102,0.39475384652298334
SAMN08707439,SRP135559.OTU17,SRP135559.OTU102,-0.4244039504228966
SAMN08707439,SRP135559.OTU25,SRP135559.OTU102,0.41617264717637925
SAMN08707439,SRP135559.OTU26,SRP135559.OTU102,0.4209549705161564
SAMN08707439,SRP135559.OTU36,SRP135559.OTU102,0.41071936276315585
SAMN08707439,SRP135559.OTU39,SRP135559.OTU102,0.565757094500297
SAMN08707439,SRP135559.OTU41,SRP135559.OTU102,0.36539517668426
SAMN08707439,SRP135559.OTU47,SRP135559.OTU102,0.40515963270066524
SAMN08707439,SRP135559.OTU59,SRP135559.OTU102,-0.4331289984611399
SAMN08707439,SRP135559.OTU64,SRP135559.OTU102,0.40050405883124385
SAMN08707439,SRP135559.OTU71,SRP135559.OTU102,0.3155543683278091
SAMN08707439,SRP135559.OTU76,SRP135559.OTU102,-0.4652910786139513
SAMN08707439,SRP135559.OTU78,SRP135559.OTU102,0.4572400332481358
SAMN08707439,SRP135559.OTU87,SRP135559.OTU102,0.48577036145282027
SAMN08707439,SRP135559.OTU88,SRP135559.OTU102,0.418446220339395
SAMN08707439,SRP135559.OTU91,SRP135559.OTU102,0.571707135346676
SAMN08707434,SRP135559.OTU72,SRP135559.OTU120,0.3709056309426083
SAMN08707436,SRP135559.OTU25,SRP135559.OTU120,-0.35358667342617695
SAMN08707436,SRP135559.OTU29,SRP135559.OTU120,-0.41668747186098615
SAMN08707436,SRP135559.OTU41,SRP135559.OTU120,-0.393106789607598
SAMN08707436,SRP135559.OTU57,SRP135559.OTU120,0.4279343955502983
SAMN08707439,SRP135559.OTU39,SRP135559.OTU120,-0.39379308823795317
SAMN08707439,SRP135559.OTU76,SRP135559.OTU120,0.323864097433532
SAMN08707439,SRP135559.OTU87,SRP135559.OTU120,-0.33811862488429195
SAMN08707439,SRP135559.OTU91,SRP135559.OTU120,-0.39793459169025575
SAMN08707428,SRP135559.OTU1,SRP135559.OTU124,0.36485557148720005
SAMN08707428,SRP135559.OTU4,SRP135559.OTU124,0.41906005729600304
SAMN08707428,SRP135559.OTU7,SRP135559.OTU124,0.6361846368484072
SAMN08707428,SRP135559.OTU8,SRP135559.OTU124,0.6714782044581944
SAMN08707428,SRP135559.OTU9,SRP135559.OTU124,0.6289697493550822
SAMN08707428,SRP135559.OTU12,SRP135559.OTU124,0.6568447052209184
SAMN08707428,SRP135559.OTU13,SRP135559.OTU124,-0.3764901831973794
SAMN08707428,SRP135559.OTU14,SRP135559.OTU124,-0.5958081258568654
SAMN08707428,SRP135559.OTU16,SRP135559.OTU124,0.41904616114872806
SAMN08707428,SRP135559.OTU21,SRP135559.OTU124,0.6394462623291033
SAMN08707428,SRP135559.OTU29,SRP135559.OTU124,0.5622169137745927
SAMN08707428,SRP135559.OTU38,SRP135559.OTU124,0.5986586238252832
SAMN08707428,SRP135559.OTU61,SRP135559.OTU124,-0.5310630335160665
SAMN08707428,SRP135559.OTU71,SRP135559.OTU124,0.40507642755266665
SAMN08707428,SRP135559.OTU74,SRP135559.OTU124,-0.488618053224635
SAMN08707428,SRP135559.OTU77,SRP135559.OTU124,0.7000949885013563
SAMN08707428,SRP135559.OTU78,SRP135559.OTU124,-0.45680401284204986
SAMN08707428,SRP135559.OTU82,SRP135559.OTU124,0.41419642126996253
SAMN08707428,SRP135559.OTU85,SRP135559.OTU124,0.7066069068331362
SAMN08707428,SRP135559.OTU86,SRP135559.OTU124,-0.5808355964008757
SAMN08707434,SRP135559.OTU72,SRP135559.OTU124,-0.3423696338107931
SAMN08707426,SRP135559.OTU15,SRP135559.OTU128,-0.3951193535645638
SAMN08707426,SRP135559.OTU22,SRP135559.OTU128,-0.38646735220282963
SAMN08707426,SRP135559.OTU55,SRP135559.OTU128,-0.40117549811615366
SAMN08707436,SRP135559.OTU25,SRP135559.OTU128,-0.3834867245169153
SAMN08707436,SRP135559.OTU29,SRP135559.OTU128,-0.4519234624507596
SAMN08707436,SRP135559.OTU41,SRP135559.OTU128,-0.42634874688921864
SAMN08707436,SRP135559.OTU57,SRP135559.OTU128,0.4641214502445686
SAMN08707436,SRP135559.OTU64,SRP135559.OTU128,-0.3845924886726695
SAMN08707436,SRP135559.OTU74,SRP135559.OTU128,0.3570834186962861
SAMN08707436,SRP135559.OTU120,SRP135559.OTU128,0.4440923232155929
SAMN08707439,SRP135559.OTU39,SRP135559.OTU128,-0.39180453642206947
SAMN08707439,SRP135559.OTU91,SRP135559.OTU128,-0.39592512636812577
SAMN08707426,SRP135559.OTU15,SRP135559.OTU129,-0.48635712435202566
SAMN08707426,SRP135559.OTU16,SRP135559.OTU129,0.3502875779952137
SAMN08707426,SRP135559.OTU22,SRP135559.OTU129,-0.47570727269525226
SAMN08707426,SRP135559.OTU55,SRP135559.OTU129,-0.4938117049039504
SAMN08707426,SRP135559.OTU61,SRP135559.OTU129,-0.38561541280001554
SAMN08707434,SRP135559.OTU24,SRP135559.OTU129,0.44160426267426
SAMN08707434,SRP135559.OTU32,SRP135559.OTU129,-0.43032617352962177
SAMN08707434,SRP135559.OTU51,SRP135559.OTU129,0.3865041592048441
SAMN08707434,SRP135559.OTU72,SRP135559.OTU129,0.4899909966038267
SAMN08707434,SRP135559.OTU76,SRP135559.OTU129,0.3402385211017731
SAMN08707439,SRP135559.OTU39,SRP135559.OTU129,0.37880602026285615
SAMN08707439,SRP135559.OTU91,SRP135559.OTU129,0.38278990542369384
SAMN08707428,SRP135559.OTU7,SRP135559.OTU147,0.36457656470180383
SAMN08707428,SRP135559.OTU8,SRP135559.OTU147,0.38480215156757575
SAMN08707428,SRP135559.OTU9,SRP135559.OTU147,0.360441949144193
SAMN08707428,SRP135559.OTU12,SRP135559.OTU147,0.37641617276129447
SAMN08707428,SRP135559.OTU14,SRP135559.OTU147,-0.34143810957521675
SAMN08707428,SRP135559.OTU21,SRP135559.OTU147,0.3664456953664279
SAMN08707428,SRP135559.OTU38,SRP135559.OTU147,0.34307163653708034
SAMN08707428,SRP135559.OTU77,SRP135559.OTU147,0.40120149260000537
SAMN08707428,SRP135559.OTU85,SRP135559.OTU147,0.4049332595706446
SAMN08707428,SRP135559.OTU124,SRP135559.OTU147,0.3488380206251412
SAMN08707434,SRP135559.OTU24,SRP135559.OTU147,0.43911072506651705
SAMN08707434,SRP135559.OTU32,SRP135559.OTU147,-0.42789631814101164
SAMN08707434,SRP135559.OTU51,SRP135559.OTU147,0.3843217467193078
SAMN08707434,SRP135559.OTU72,SRP135559.OTU147,0.48722424120593255
SAMN08707434,SRP135559.OTU76,SRP135559.OTU147,0.33831734954687814
SAMN08707434,SRP135559.OTU129,SRP135559.OTU147,0.3997530953973422
SAMN08707439,SRP135559.OTU5,SRP135559.OTU147,-0.3371528389552355
SAMN08707439,SRP135559.OTU17,SRP135559.OTU147,0.3595776966521395
SAMN08707439,SRP135559.OTU25,SRP135559.OTU147,-0.35260369686048176
SAMN08707439,SRP135559.OTU26,SRP135559.OTU147,-0.3566555366453125
SAMN08707439,SRP135559.OTU39,SRP135559.OTU147,-0.4793396307982348
SAMN08707439,SRP135559.OTU59,SRP135559.OTU147,0.3669700234050941
SAMN08707439,SRP135559.OTU76,SRP135559.OTU147,0.3942194556720787
SAMN08707439,SRP135559.OTU78,SRP135559.OTU147,-0.38739817998556086
SAMN08707439,SRP135559.OTU87,SRP135559.OTU147,-0.41157059800935064
SAMN08707439,SRP135559.OTU88,SRP135559.OTU147,-0.35452998948879666
SAMN08707439,SRP135559.OTU91,SRP135559.OTU147,-0.48438082322916115
SAMN08707439,SRP135559.OTU102,SRP135559.OTU147,-0.33768259070644563
SAMN08707428,SRP135559.OTU7,SRP135559.OTU150,0.44897646717463685
SAMN08707428,SRP135559.OTU8,SRP135559.OTU150,0.4738843011297772
SAMN08707428,SRP135559.OTU9,SRP135559.OTU150,0.44388468326444575
SAMN08707428,SRP135559.OTU12,SRP135559.OTU150,0.4635569583908791
SAMN08707428,SRP135559.OTU14,SRP135559.OTU150,-0.4204814325387407
SAMN08707428,SRP135559.OTU21,SRP135559.OTU150,0.451278303781104
SAMN08707428,SRP135559.OTU29,SRP135559.OTU150,0.3967750069898218
SAMN08707428,SRP135559.OTU38,SRP135559.OTU150,0.4224931229088333
SAMN08707428,SRP135559.OTU61,SRP135559.OTU150,-0.37478868684454664
SAMN08707428,SRP135559.OTU77,SRP135559.OTU150,0.494080108851962
SAMN08707428,SRP135559.OTU85,SRP135559.OTU150,0.4986757842546501
SAMN08707428,SRP135559.OTU86,SRP135559.OTU150,-0.4099148249998978
SAMN08707428,SRP135559.OTU124,SRP135559.OTU150,0.42959443167876793
SAMN08707436,SRP135559.OTU25,SRP135559.OTU150,0.3673986965822251
SAMN08707436,SRP135559.OTU29,SRP135559.OTU150,0.4329643777590834
SAMN08707436,SRP135559.OTU41,SRP135559.OTU150,0.4084625721891311
SAMN08707436,SRP135559.OTU57,SRP135559.OTU150,-0.44465063579582964
SAMN08707436,SRP135559.OTU64,SRP135559.OTU150,0.36845807174068257
SAMN08707436,SRP135559.OTU74,SRP135559.OTU150,-0.34210306175632343
SAMN08707436,SRP135559.OTU120,SRP135559.OTU150,-0.4254617703314636
SAMN08707436,SRP135559.OTU128,SRP135559.OTU150,-0.46143973450867626
SAMN08707431,SRP135559.OTU24,SRP135559.OTU151,-0.3955106837315986
SAMN08707431,SRP135559.OTU80,SRP135559.OTU151,0.49312577532840474
SAMN08707431,SRP135559.OTU82,SRP135559.OTU151,0.35573782960653616
SAMN08707439,SRP135559.OTU5,SRP135559.OTU151,0.3325732429910202
SAMN08707439,SRP135559.OTU13,SRP135559.OTU151,0.32991357303585833
SAMN08707439,SRP135559.OTU17,SRP135559.OTU151,-0.35469350058986454
SAMN08707439,SRP135559.OTU25,SRP135559.OTU151,0.3478142296499623
SAMN08707439,SRP135559.OTU39,SRP135559.OTU151,0.4728286909956976
SAMN08707439,SRP135559.OTU64,SRP135559.OTU151,0.33471928450654453
SAMN08707439,SRP135559.OTU76,SRP135559.OTU151,-0.38886471556724833
SAMN08707439,SRP135559.OTU78,SRP135559.OTU151,0.38213609425879114
SAMN08707439,SRP135559.OTU87,SRP135559.OTU151,0.40598017481886534
SAMN08707439,SRP135559.OTU88,SRP135559.OTU151,0.34971435716581994
SAMN08707439,SRP135559.OTU91,SRP135559.OTU151,0.477801408177882
SAMN08707439,SRP135559.OTU102,SRP135559.OTU151,0.3330957990472767
SAMN08707426,SRP135559.OTU1,SRP135559.OTU158,0.4077349538657018
SAMN08707426,SRP135559.OTU5,SRP135559.OTU158,-0.34677844476777203
SAMN08707426,SRP135559.OTU15,SRP135559.OTU158,-0.5998972475782016
SAMN08707426,SRP135559.OTU16,SRP135559.OTU158,0.43206225092338996
SAMN08707426,SRP135559.OTU22,SRP135559.OTU158,-0.5867611869015407
SAMN08707426,SRP135559.OTU36,SRP135559.OTU158,-0.3384891781991518
SAMN08707426,SRP135559.OTU38,SRP135559.OTU158,0.36737500833462927
SAMN08707426,SRP135559.OTU55,SRP135559.OTU158,-0.6090921007653686
SAMN08707426,SRP135559.OTU61,SRP135559.OTU158,-0.4756373725802046
SAMN08707426,SRP135559.OTU129,SRP135559.OTU158,0.40701456829120186
SAMN08707428,SRP135559.OTU7,SRP135559.OTU158,0.39705758703524446
SAMN08707428,SRP135559.OTU8,SRP135559.OTU158,0.41908512115242963
SAMN08707428,SRP135559.OTU9,SRP135559.OTU158,0.3925546084140978
SAMN08707428,SRP135559.OTU12,SRP135559.OTU158,0.40995201488029664
SAMN08707428,SRP135559.OTU14,SRP135559.OTU158,-0.3718576700636189
SAMN08707428,SRP135559.OTU21,SRP135559.OTU158,0.39909324314538486
SAMN08707428,SRP135559.OTU38,SRP135559.OTU158,0.3736367319579705
SAMN08707428,SRP135559.OTU77,SRP135559.OTU158,0.4369455197894909
SAMN08707428,SRP135559.OTU85,SRP135559.OTU158,0.4410097590527902
SAMN08707428,SRP135559.OTU86,SRP135559.OTU158,-0.36251296716878
SAMN08707428,SRP135559.OTU124,SRP135559.OTU158,0.37991685737907793
SAMN08707428,SRP135559.OTU7,SRP135559.OTU165,0.4797072605954728
SAMN08707428,SRP135559.OTU8,SRP135559.OTU165,0.5063199444832893
SAMN08707428,SRP135559.OTU9,SRP135559.OTU165,0.4742669627409488
SAMN08707428,SRP135559.OTU12,SRP135559.OTU165,0.4952857329895713
SAMN08707428,SRP135559.OTU14,SRP135559.OTU165,-0.4492618452894586
SAMN08707428,SRP135559.OTU21,SRP135559.OTU165,0.4821666494800961
SAMN08707428,SRP135559.OTU29,SRP135559.OTU165,0.4239328018094157
SAMN08707428,SRP135559.OTU38,SRP135559.OTU165,0.4514112284913805
SAMN08707428,SRP135559.OTU61,SRP135559.OTU165,-0.4004415986427192
SAMN08707428,SRP135559.OTU74,SRP135559.OTU165,-0.3684364793073977
SAMN08707428,SRP135559.OTU77,SRP135559.OTU165,0.5278980812147939
SAMN08707428,SRP135559.OTU85,SRP135559.OTU165,0.5328083137529994
SAMN08707428,SRP135559.OTU86,SRP135559.OTU165,-0.43797199219728267
SAMN08707428,SRP135559.OTU124,SRP135559.OTU165,0.45899859581623165
SAMN08707431,SRP135559.OTU80,SRP135559.OTU165,0.39064207519714444
SAMN08707434,SRP135559.OTU24,SRP135559.OTU165,-0.408964144079205
SAMN08707434,SRP135559.OTU32,SRP135559.OTU165,0.398519647810182
SAMN08707434,SRP135559.OTU51,SRP135559.OTU165,-0.35793663243884066
SAMN08707434,SRP135559.OTU72,SRP135559.OTU165,-0.4537744887675895
SAMN08707434,SRP135559.OTU129,SRP135559.OTU165,-0.37230856175836285
SAMN08707434,SRP135559.OTU147,SRP135559.OTU165,-0.3702063053290268
SAMN08707426,SRP135559.OTU15,SRP135559.OTU179,0.4179435680470836
SAMN08707426,SRP135559.OTU22,SRP135559.OTU179,0.40879178065107474
SAMN08707426,SRP135559.OTU55,SRP135559.OTU179,0.424349548011532
SAMN08707434,SRP135559.OTU72,SRP135559.OTU179,-0.35209108161048625
SAMN08707439,SRP135559.OTU5,SRP135559.OTU179,0.39419153969434073
SAMN08707439,SRP135559.OTU13,SRP135559.OTU179,0.3910390930775444
SAMN08707439,SRP135559.OTU17,SRP135559.OTU179,-0.4204101805053195
SAMN08707439,SRP135559.OTU25,SRP135559.OTU179,0.41225633631934017
SAMN08707439,SRP135559.OTU26,SRP135559.OTU179,0.41699365654575904
SAMN08707439,SRP135559.OTU36,SRP135559.OTU179,0.4068543689667139
SAMN08707439,SRP135559.OTU39,SRP135559.OTU179,0.560433148617089
SAMN08707439,SRP135559.OTU41,SRP135559.OTU179,0.3619566972280362
SAMN08707439,SRP135559.OTU47,SRP135559.OTU179,0.4013469576506707
SAMN08707439,SRP135559.OTU59,SRP135559.OTU179,-0.4290531231947557
SAMN08707439,SRP135559.OTU64,SRP135559.OTU179,0.39673519414364156
SAMN08707439,SRP135559.OTU76,SRP135559.OTU179,-0.46091254841687435
SAMN08707439,SRP135559.OTU78,SRP135559.OTU179,0.4529372658302577
SAMN08707439,SRP135559.OTU87,SRP135559.OTU179,0.4811991149917831
SAMN08707439,SRP135559.OTU88,SRP135559.OTU179,0.4145085144691973
SAMN08707439,SRP135559.OTU91,SRP135559.OTU179,0.5663271977741426
SAMN08707439,SRP135559.OTU102,SRP135559.OTU179,0.39481091356380715
SAMN08707439,SRP135559.OTU151,SRP135559.OTU179,0.32996126653272123
SAMN08707436,SRP135559.OTU25,SRP135559.OTU180,-0.44417105394240886
SAMN08707436,SRP135559.OTU29,SRP135559.OTU180,-0.5234374693698229
SAMN08707436,SRP135559.OTU41,SRP135559.OTU180,-0.4938157181095757
SAMN08707436,SRP135559.OTU57,SRP135559.OTU180,0.5375657109697841
SAMN08707436,SRP135559.OTU59,SRP135559.OTU180,0.3456187128278718
SAMN08707436,SRP135559.OTU64,SRP135559.OTU180,-0.44545179822656056
SAMN08707436,SRP135559.OTU71,SRP135559.OTU180,-0.36805122974673427
SAMN08707436,SRP135559.OTU74,SRP135559.OTU180,0.4135895932968388
SAMN08707436,SRP135559.OTU87,SRP135559.OTU180,-0.3898575967492052
SAMN08707436,SRP135559.OTU102,SRP135559.OTU180,0.3390166006643855
SAMN08707436,SRP135559.OTU120,SRP135559.OTU180,0.514367102274233
SAMN08707436,SRP135559.OTU128,SRP135559.OTU180,0.5578630929131608
SAMN08707436,SRP135559.OTU150,SRP135559.OTU180,-0.5344596308146347
SAMN08707421,SRP135559.OTU59,SRP135559.OTU180,0.7786900411841452
SAMN08707431,SRP135559.OTU80,SRP135559.OTU181,0.3638913229582365
SAMN08707434,SRP135559.OTU72,SRP135559.OTU181,0.3323243609938446
SAMN08707436,SRP135559.OTU25,SRP135559.OTU181,0.4290638280888998
SAMN08707436,SRP135559.OTU29,SRP135559.OTU181,0.5056342199239812
SAMN08707436,SRP135559.OTU41,SRP135559.OTU181,0.4770199690005818
SAMN08707436,SRP135559.OTU57,SRP135559.OTU181,-0.5192819292270512
SAMN08707436,SRP135559.OTU64,SRP135559.OTU181,0.43030101146787875
SAMN08707436,SRP135559.OTU71,SRP135559.OTU181,0.355533005058084
SAMN08707436,SRP135559.OTU74,SRP135559.OTU181,-0.39952250958857355
SAMN08707436,SRP135559.OTU87,SRP135559.OTU181,0.376597689980134
SAMN08707436,SRP135559.OTU102,SRP135559.OTU181,-0.3274859070073652
SAMN08707436,SRP135559.OTU120,SRP135559.OTU181,-0.49687235578704003
SAMN08707436,SRP135559.OTU128,SRP135559.OTU181,-0.5388889529615084
SAMN08707436,SRP135559.OTU150,SRP135559.OTU181,0.5162814936293452
SAMN08707436,SRP135559.OTU180,SRP135559.OTU181,-0.6241646943485692
SAMN08707421,SRP135559.OTU4,SRP135559.OTU181,0.868909671807532
SAMN08707421,SRP135559.OTU22,SRP135559.OTU181,0.9162592012082449
SAMN08707421,SRP135559.OTU29,SRP135559.OTU181,0.8975752733319414
SAMN08707421,SRP135559.OTU32,SRP135559.OTU181,-1.2056241676388226
SAMN08707421,SRP135559.OTU38,SRP135559.OTU181,-1.040510036431539
SAMN08707421,SRP135559.OTU51,SRP135559.OTU181,-0.9184937304959676
SAMN08707421,SRP135559.OTU59,SRP135559.OTU181,-1.5078599296404367
SAMN08707421,SRP135559.OTU61,SRP135559.OTU181,0.9315188940449878
SAMN08707421,SRP135559.OTU72,SRP135559.OTU181,-0.955425624289753
SAMN08707421,SRP135559.OTU76,SRP135559.OTU181,-1.2629103004190683
SAMN08707421,SRP135559.OTU124,SRP135559.OTU181,0.7706987352063827
SAMN08707421,SRP135559.OTU180,SRP135559.OTU181,-0.8297276379560381
SAMN08707431,SRP135559.OTU24,SRP135559.OTU184,0.363422369434398
SAMN08707431,SRP135559.OTU80,SRP135559.OTU184,-0.45311781721841154
SAMN08707434,SRP135559.OTU72,SRP135559.OTU184,-0.3555221547844099
SAMN08707439,SRP135559.OTU5,SRP135559.OTU184,0.35769279480236704
SAMN08707439,SRP135559.OTU13,SRP135559.OTU184,0.35483223761815785
SAMN08707439,SRP135559.OTU17,SRP135559.OTU184,-0.38148381506340645
SAMN08707439,SRP135559.OTU25,SRP135559.OTU184,0.37408494669213826
SAMN08707439,SRP135559.OTU26,SRP135559.OTU184,0.37838363182621165
SAMN08707439,SRP135559.OTU36,SRP135559.OTU184,0.36918315503701976
SAMN08707439,SRP135559.OTU39,SRP135559.OTU184,0.5085418611068554
SAMN08707439,SRP135559.OTU47,SRP135559.OTU184,0.36418568262224094
SAMN08707439,SRP135559.OTU59,SRP135559.OTU184,-0.3893264956249891
SAMN08707439,SRP135559.OTU64,SRP135559.OTU184,0.36000092873565087
SAMN08707439,SRP135559.OTU76,SRP135559.OTU184,-0.41823601219486045
SAMN08707439,SRP135559.OTU78,SRP135559.OTU184,0.410999172155225
SAMN08707439,SRP135559.OTU87,SRP135559.OTU184,0.4366442172536246
SAMN08707439,SRP135559.OTU88,SRP135559.OTU184,0.37612859252340064
SAMN08707439,SRP135559.OTU91,SRP135559.OTU184,0.5138901720252577
SAMN08707439,SRP135559.OTU102,SRP135559.OTU184,0.35825481998070746
SAMN08707439,SRP135559.OTU179,SRP135559.OTU184,0.3548835334471107
SAMN08707426,SRP135559.OTU1,SRP135559.OTU185,-0.4801511797062139
SAMN08707426,SRP135559.OTU4,SRP135559.OTU185,-0.3734628939170548
SAMN08707426,SRP135559.OTU5,SRP135559.OTU185,0.4083684211355964
SAMN08707426,SRP135559.OTU13,SRP135559.OTU185,0.37543039734142036
SAMN08707426,SRP135559.OTU15,SRP135559.OTU185,0.7064426740859167
SAMN08707426,SRP135559.OTU16,SRP135559.OTU185,-0.5087991537652637
SAMN08707426,SRP135559.OTU22,SRP135559.OTU185,0.6909735685535303
SAMN08707426,SRP135559.OTU36,SRP135559.OTU185,0.39860693003926717
SAMN08707426,SRP135559.OTU38,SRP135559.OTU185,-0.4326230605790862
SAMN08707426,SRP135559.OTU55,SRP135559.OTU185,0.7172705895324245
SAMN08707426,SRP135559.OTU61,SRP135559.OTU185,0.5601134839962029
SAMN08707426,SRP135559.OTU128,SRP135559.OTU185,-0.38938841947825714
SAMN08707426,SRP135559.OTU129,SRP135559.OTU185,-0.47930284924015976
SAMN08707426,SRP135559.OTU158,SRP135559.OTU185,-0.5911961511793241
SAMN08707426,SRP135559.OTU179,SRP135559.OTU185,0.4118815844498103
SAMN08707436,SRP135559.OTU180,SRP135559.OTU185,-0.35288620145908167
SAMN08707436,SRP135559.OTU181,SRP135559.OTU185,0.34088377244280355
SAMN08707439,SRP135559.OTU1,SRP135559.OTU220,0.3847333665613123
SAMN08707439,SRP135559.OTU2,SRP135559.OTU220,0.4129600435024024
SAMN08707439,SRP135559.OTU4,SRP135559.OTU220,0.3653904752842649
SAMN08707439,SRP135559.OTU5,SRP135559.OTU220,-0.5433175135772068
SAMN08707439,SRP135559.OTU13,SRP135559.OTU220,-0.5389724698990732
SAMN08707439,SRP135559.OTU14,SRP135559.OTU220,-0.4023814992800678
SAMN08707439,SRP135559.OTU17,SRP135559.OTU220,0.5794548866569045
SAMN08707439,SRP135559.OTU25,SRP135559.OTU220,-0.5682163746567296
SAMN08707439,SRP135559.OTU26,SRP135559.OTU220,-0.5747458629568407
SAMN08707439,SRP135559.OTU36,SRP135559.OTU220,-0.5607707976341229
SAMN08707439,SRP135559.OTU39,SRP135559.OTU220,-0.7724497209376651
SAMN08707439,SRP135559.OTU41,SRP135559.OTU220,-0.4988879591709254
SAMN08707439,SRP135559.OTU47,SRP135559.OTU220,-0.5531798863101514
SAMN08707439,SRP135559.OTU57,SRP135559.OTU220,-0.3888472533555199
SAMN08707439,SRP135559.OTU59,SRP135559.OTU220,0.5913675272368012
SAMN08707439,SRP135559.OTU64,SRP135559.OTU220,-0.5468234538920734
SAMN08707439,SRP135559.OTU71,SRP135559.OTU220,-0.43083840419317865
SAMN08707439,SRP135559.OTU76,SRP135559.OTU220,0.6352796408988615
SAMN08707439,SRP135559.OTU78,SRP135559.OTU220,-0.6242872418524587
SAMN08707439,SRP135559.OTU87,SRP135559.OTU220,-0.6632407861812906
SAMN08707439,SRP135559.OTU88,SRP135559.OTU220,-0.5713205707373002
SAMN08707439,SRP135559.OTU91,SRP135559.OTU220,-0.7805735384488053
SAMN08707439,SRP135559.OTU102,SRP135559.OTU220,-0.5441712017892728
SAMN08707439,SRP135559.OTU120,SRP135559.OTU220,0.37876830916637083
SAMN08707439,SRP135559.OTU128,SRP135559.OTU220,0.37685562854426485
SAMN08707439,SRP135559.OTU147,SRP135559.OTU220,0.46105090946688043
SAMN08707439,SRP135559.OTU151,SRP135559.OTU220,-0.4547883880216059
SAMN08707439,SRP135559.OTU179,SRP135559.OTU220,-0.5390503857046152
SAMN08707439,SRP135559.OTU184,SRP135559.OTU220,-0.4891389580595453
SAMN08707421,SRP135559.OTU1,SRP135559.OTU220,1.2854168590874961
SAMN08707421,SRP135559.OTU4,SRP135559.OTU220,-1.4930037003531387
SAMN08707421,SRP135559.OTU14,SRP135559.OTU220,-1.2174970085544312
SAMN08707421,SRP135559.OTU21,SRP135559.OTU220,-1.2221621631714676
SAMN08707421,SRP135559.OTU22,SRP135559.OTU220,-1.5743620105422589
SAMN08707421,SRP135559.OTU29,SRP135559.OTU220,-1.542258358849185
SAMN08707421,SRP135559.OTU32,SRP135559.OTU220,2.07156324980883
SAMN08707421,SRP135559.OTU38,SRP135559.OTU220,1.787855959084055
SAMN08707421,SRP135559.OTU51,SRP135559.OTU220,1.5782014896082215
SAMN08707421,SRP135559.OTU55,SRP135559.OTU220,1.1312154053102486
SAMN08707421,SRP135559.OTU59,SRP135559.OTU220,2.5908797284812093
SAMN08707421,SRP135559.OTU61,SRP135559.OTU220,-1.6005819717312237
SAMN08707421,SRP135559.OTU72,SRP135559.OTU220,1.6416597015308352
SAMN08707421,SRP135559.OTU76,SRP135559.OTU220,2.16999512482975
SAMN08707421,SRP135559.OTU124,SRP135559.OTU220,-1.3242527973327582
SAMN08707421,SRP135559.OTU158,SRP135559.OTU220,0.9151166689251086
SAMN08707421,SRP135559.OTU180,SRP135559.OTU220,1.4256791861652012
SAMN08707421,SRP135559.OTU181,SRP135559.OTU220,-2.760693477050038
SAMN08707428,SRP135559.OTU7,SRP135559.OTU227,-0.43482423663242253
SAMN08707428,SRP135559.OTU8,SRP135559.OTU227,-0.45894694835018013
SAMN08707428,SRP135559.OTU9,SRP135559.OTU227,-0.4298929513341555
SAMN08707428,SRP135559.OTU12,SRP135559.OTU227,-0.44894513477820946
SAMN08707428,SRP135559.OTU14,SRP135559.OTU227,0.40722739673268543
SAMN08707428,SRP135559.OTU21,SRP135559.OTU227,-0.4370535168251199
SAMN08707428,SRP135559.OTU29,SRP135559.OTU227,-0.3842682237108565
SAMN08707428,SRP135559.OTU38,SRP135559.OTU227,-0.40917567641652036
SAMN08707428,SRP135559.OTU77,SRP135559.OTU227,-0.47850616206852054
SAMN08707428,SRP135559.OTU85,SRP135559.OTU227,-0.4829569767434175
SAMN08707428,SRP135559.OTU86,SRP135559.OTU227,0.3969938602496149
SAMN08707428,SRP135559.OTU124,SRP135559.OTU227,-0.41605314414753375
SAMN08707431,SRP135559.OTU4,SRP135559.OTU227,0.3554385532811882
SAMN08707431,SRP135559.OTU5,SRP135559.OTU227,-0.3609270218966861
SAMN08707431,SRP135559.OTU17,SRP135559.OTU227,0.4225420205226782
SAMN08707431,SRP135559.OTU21,SRP135559.OTU227,-0.3534212063813218
SAMN08707431,SRP135559.OTU24,SRP135559.OTU227,-0.5288899910199033
SAMN08707431,SRP135559.OTU32,SRP135559.OTU227,0.43565565667253137
SAMN08707431,SRP135559.OTU51,SRP135559.OTU227,-0.43810524578249355
SAMN08707431,SRP135559.OTU80,SRP135559.OTU227,0.6594241258527248
SAMN08707431,SRP135559.OTU82,SRP135559.OTU227,0.4757044126618855
SAMN08707431,SRP135559.OTU88,SRP135559.OTU227,-0.38828818200112325
SAMN08707431,SRP135559.OTU151,SRP135559.OTU227,0.4741207586247478
SAMN08707431,SRP135559.OTU165,SRP135559.OTU227,0.3755867697645117
SAMN08707431,SRP135559.OTU184,SRP135559.OTU227,-0.4356547031087799
SAMN08707426,SRP135559.OTU1,SRP135559.OTU246,0.4145046593582001
SAMN08707426,SRP135559.OTU5,SRP135559.OTU246,-0.35253607707269746
SAMN08707426,SRP135559.OTU15,SRP135559.OTU246,-0.6098574623043652
SAMN08707426,SRP135559.OTU16,SRP135559.OTU246,0.4392358674246151
SAMN08707426,SRP135559.OTU22,SRP135559.OTU246,-0.5965033009687604
SAMN08707426,SRP135559.OTU38,SRP135559.OTU246,0.3734746095293524
SAMN08707426,SRP135559.OTU55,SRP135559.OTU246,-0.619204979489391
SAMN08707426,SRP135559.OTU61,SRP135559.OTU246,-0.48353447559544976
SAMN08707426,SRP135559.OTU129,SRP135559.OTU246,0.41377231307703477
SAMN08707426,SRP135559.OTU158,SRP135559.OTU246,0.5103675042689755
SAMN08707426,SRP135559.OTU179,SRP135559.OTU246,-0.3555689188616501
SAMN08707426,SRP135559.OTU185,SRP135559.OTU246,-0.6010118998509497
SAMN08707436,SRP135559.OTU25,SRP135559.OTU246,-0.3709148509003852
SAMN08707436,SRP135559.OTU29,SRP135559.OTU246,-0.4371080221993852
SAMN08707436,SRP135559.OTU41,SRP135559.OTU246,-0.4123717244272042
SAMN08707436,SRP135559.OTU57,SRP135559.OTU246,0.44890612245833117
SAMN08707436,SRP135559.OTU64,SRP135559.OTU246,-0.37198436470814267
SAMN08707436,SRP135559.OTU120,SRP135559.OTU246,0.42953361178022115
SAMN08707436,SRP135559.OTU128,SRP135559.OTU246,0.4658558996452342
SAMN08707436,SRP135559.OTU150,SRP135559.OTU246,-0.44631232160749656
SAMN08707436,SRP135559.OTU180,SRP135559.OTU246,0.5395746259309837
SAMN08707436,SRP135559.OTU181,SRP135559.OTU246,-0.5212225166109132
SAMN08707421,SRP135559.OTU220,SRP135559.OTU246,1.1295887385008823
SAMN08707428,SRP135559.OTU4,SRP135559.OTU297,0.40624245396137737
SAMN08707428,SRP135559.OTU7,SRP135559.OTU297,0.616725940700361
SAMN08707428,SRP135559.OTU8,SRP135559.OTU297,0.650939999676457
SAMN08707428,SRP135559.OTU9,SRP135559.OTU297,0.6097317317574807
SAMN08707428,SRP135559.OTU12,SRP135559.OTU297,0.6367540887629916
SAMN08707428,SRP135559.OTU13,SRP135559.OTU297,-0.36497464564235077
SAMN08707428,SRP135559.OTU14,SRP135559.OTU297,-0.5775844080679238
SAMN08707428,SRP135559.OTU16,SRP135559.OTU297,0.40622898284937003
SAMN08707428,SRP135559.OTU21,SRP135559.OTU297,0.6198878042951178
SAMN08707428,SRP135559.OTU29,SRP135559.OTU297,0.5450206354290045
SAMN08707428,SRP135559.OTU38,SRP135559.OTU297,0.5803477191245155
SAMN08707428,SRP135559.OTU61,SRP135559.OTU297,-0.5148196450308598
SAMN08707428,SRP135559.OTU71,SRP135559.OTU297,0.3926865352730741
SAMN08707428,SRP135559.OTU74,SRP135559.OTU297,-0.47367291044776894
SAMN08707428,SRP135559.OTU77,SRP135559.OTU297,0.6786814948912239
SAMN08707428,SRP135559.OTU78,SRP135559.OTU297,-0.4428319519492626
SAMN08707428,SRP135559.OTU82,SRP135559.OTU297,0.4015275798043349
SAMN08707428,SRP135559.OTU85,SRP135559.OTU297,0.6849942360772199
SAMN08707428,SRP135559.OTU86,SRP135559.OTU297,-0.5630698367020495
SAMN08707428,SRP135559.OTU124,SRP135559.OTU297,0.5901022645217426
SAMN08707428,SRP135559.OTU150,SRP135559.OTU297,0.4164546181266187
SAMN08707428,SRP135559.OTU158,SRP135559.OTU297,0.3682965096670007
SAMN08707428,SRP135559.OTU165,SRP135559.OTU297,0.44495941019142027
SAMN08707428,SRP135559.OTU227,SRP135559.OTU297,-0.4033275119261834
SAMN08707436,SRP135559.OTU180,SRP135559.OTU297,-0.4074240565446756
SAMN08707436,SRP135559.OTU181,SRP135559.OTU297,0.393566676182444
SAMN08707421,SRP135559.OTU1,SRP135559.OTU297,0.9225300288831527
SAMN08707421,SRP135559.OTU4,SRP135559.OTU297,-1.0715129003265091
SAMN08707421,SRP135559.OTU14,SRP135559.OTU297,-0.8737846734515394
SAMN08707421,SRP135559.OTU21,SRP135559.OTU297,-0.8771328053771268
SAMN08707421,SRP135559.OTU22,SRP135559.OTU297,-1.1299028955393733
SAMN08707421,SRP135559.OTU29,SRP135559.OTU297,-1.1068624456539635
SAMN08707421,SRP135559.OTU32,SRP135559.OTU297,1.4867389447778616
SAMN08707421,SRP135559.OTU38,SRP135559.OTU297,1.283125235142463
SAMN08707421,SRP135559.OTU51,SRP135559.OTU297,1.1326584488904732
SAMN08707421,SRP135559.OTU57,SRP135559.OTU297,0.8198455366960277
SAMN08707421,SRP135559.OTU59,SRP135559.OTU297,1.8594468664782384
SAMN08707421,SRP135559.OTU61,SRP135559.OTU297,-1.1487206832336643
SAMN08707421,SRP135559.OTU72,SRP135559.OTU297,1.1782017336731234
SAMN08707421,SRP135559.OTU76,SRP135559.OTU297,1.557382456152479
SAMN08707421,SRP135559.OTU124,SRP135559.OTU297,-0.9504021693314576
SAMN08707421,SRP135559.OTU180,SRP135559.OTU297,1.0231948114674345
SAMN08707421,SRP135559.OTU181,SRP135559.OTU297,-1.9813203904361927
SAMN08707421,SRP135559.OTU220,SRP135559.OTU297,3.4044029782207326
SAMN08707439,SRP135559.OTU1,SRP135559.OTU304,-0.3703907304841987
SAMN08707439,SRP135559.OTU2,SRP135559.OTU304,-0.3975651333305027
SAMN08707439,SRP135559.OTU4,SRP135559.OTU304,-0.35176893094074707
SAMN08707439,SRP135559.OTU5,SRP135559.OTU304,0.5230629527596484
SAMN08707439,SRP135559.OTU13,SRP135559.OTU304,0.5188798897819974
SAMN08707439,SRP135559.OTU14,SRP135559.OTU304,0.3873809510824431
SAMN08707439,SRP135559.OTU17,SRP135559.OTU304,-0.5578531455947586
SAMN08707439,SRP135559.OTU25,SRP135559.OTU304,0.5470335987836639
SAMN08707439,SRP135559.OTU26,SRP135559.OTU304,0.5533196715586405
SAMN08707439,SRP135559.OTU36,SRP135559.OTU304,0.5398655885408086
SAMN08707439,SRP135559.OTU39,SRP135559.OTU304,0.7436532447331213
SAMN08707439,SRP135559.OTU41,SRP135559.OTU304,0.4802897062936247
SAMN08707439,SRP135559.OTU47,SRP135559.OTU304,0.5325576619747916
SAMN08707439,SRP135559.OTU57,SRP135559.OTU304,0.37435125397207514
SAMN08707439,SRP135559.OTU59,SRP135559.OTU304,-0.5693216898643145
SAMN08707439,SRP135559.OTU64,SRP135559.OTU304,0.5264381936592455
SAMN08707439,SRP135559.OTU71,SRP135559.OTU304,0.4147769991359118
SAMN08707439,SRP135559.OTU76,SRP135559.OTU304,-0.6115967854760274
SAMN08707439,SRP135559.OTU78,SRP135559.OTU304,0.6010141766709705
SAMN08707439,SRP135559.OTU87,SRP135559.OTU304,0.6385155555294256
SAMN08707439,SRP135559.OTU88,SRP135559.OTU304,0.550022072240295
SAMN08707439,SRP135559.OTU91,SRP135559.OTU304,0.7514742110536807
SAMN08707439,SRP135559.OTU102,SRP135559.OTU304,0.523884815971823
SAMN08707439,SRP135559.OTU120,SRP135559.OTU304,-0.36464804695861874
SAMN08707439,SRP135559.OTU147,SRP135559.OTU304,-0.4438631997898933
SAMN08707439,SRP135559.OTU151,SRP135559.OTU304,0.4378341415007197
SAMN08707439,SRP135559.OTU179,SRP135559.OTU304,0.5189549009316382
SAMN08707439,SRP135559.OTU184,SRP135559.OTU304,0.4709041422719508
SAMN08707439,SRP135559.OTU220,SRP135559.OTU304,-0.7152799033980163
SAMN08707428,SRP135559.OTU7,SRP135559.OTU307,0.3875724922966812
SAMN08707428,SRP135559.OTU8,SRP135559.OTU307,0.4090738225210797
SAMN08707428,SRP135559.OTU9,SRP135559.OTU307,0.38317708290534375
SAMN08707428,SRP135559.OTU12,SRP135559.OTU307,0.4001588921032236
SAMN08707428,SRP135559.OTU14,SRP135559.OTU307,-0.3629745625623845
SAMN08707428,SRP135559.OTU21,SRP135559.OTU307,0.3895595197149384
SAMN08707428,SRP135559.OTU29,SRP135559.OTU307,0.3425103309039657
SAMN08707428,SRP135559.OTU38,SRP135559.OTU307,0.36471112540580575
SAMN08707428,SRP135559.OTU77,SRP135559.OTU307,0.42650756371933973
SAMN08707428,SRP135559.OTU85,SRP135559.OTU307,0.4304747145609307
SAMN08707428,SRP135559.OTU86,SRP135559.OTU307,-0.35385309023952155
SAMN08707428,SRP135559.OTU124,SRP135559.OTU307,0.3708412282948315
SAMN08707428,SRP135559.OTU297,SRP135559.OTU307,0.35949847280751707
SAMN08707434,SRP135559.OTU72,SRP135559.OTU307,-0.4113466151503918
SAMN08707439,SRP135559.OTU5,SRP135559.OTU307,0.36908340165606124
SAMN08707439,SRP135559.OTU13,SRP135559.OTU307,0.36613175098956413
SAMN08707439,SRP135559.OTU17,SRP135559.OTU307,-0.3936320389627319
SAMN08707439,SRP135559.OTU25,SRP135559.OTU307,0.3859975561144488
SAMN08707439,SRP135559.OTU26,SRP135559.OTU307,0.39043313143211433
SAMN08707439,SRP135559.OTU36,SRP135559.OTU307,0.3809396685512396
SAMN08707439,SRP135559.OTU39,SRP135559.OTU307,0.5247362057866656
SAMN08707439,SRP135559.OTU47,SRP135559.OTU307,0.3757830533067307
SAMN08707439,SRP135559.OTU59,SRP135559.OTU307,-0.4017244670513942
SAMN08707439,SRP135559.OTU64,SRP135559.OTU307,0.37146503733883995
SAMN08707439,SRP135559.OTU76,SRP135559.OTU307,-0.431554597461865
SAMN08707439,SRP135559.OTU78,SRP135559.OTU307,0.42408730268298855
SAMN08707439,SRP135559.OTU87,SRP135559.OTU307,0.45054900562495065
SAMN08707439,SRP135559.OTU88,SRP135559.OTU307,0.3881062811604742
SAMN08707439,SRP135559.OTU91,SRP135559.OTU307,0.5302548318690523
SAMN08707439,SRP135559.OTU102,SRP135559.OTU307,0.3696633243373466
SAMN08707439,SRP135559.OTU179,SRP135559.OTU307,0.3661846803169529
SAMN08707439,SRP135559.OTU220,SRP135559.OTU307,-0.5047154238118406
SAMN08707439,SRP135559.OTU304,SRP135559.OTU307,0.48589992644300045
SAMN08707431,SRP135559.OTU2,SRP135559.OTU362,-0.34427262417610555
SAMN08707431,SRP135559.OTU4,SRP135559.OTU362,0.38701583184708166
SAMN08707431,SRP135559.OTU5,SRP135559.OTU362,-0.39299189782862726
SAMN08707431,SRP135559.OTU17,SRP135559.OTU362,0.460080793299768
SAMN08707431,SRP135559.OTU24,SRP135559.OTU362,-0.5758767526499402
SAMN08707431,SRP135559.OTU32,SRP135559.OTU362,0.474359449219967
SAMN08707431,SRP135559.OTU51,SRP135559.OTU362,-0.477026660636185
SAMN08707431,SRP135559.OTU80,SRP135559.OTU362,0.718007583170168
SAMN08707431,SRP135559.OTU82,SRP135559.OTU362,0.5179661499297772
SAMN08707431,SRP135559.OTU88,SRP135559.OTU362,-0.4227838324411418
SAMN08707431,SRP135559.OTU151,SRP135559.OTU362,0.5162418035444936
SAMN08707431,SRP135559.OTU165,SRP135559.OTU362,0.4089540225429001
SAMN08707431,SRP135559.OTU181,SRP135559.OTU362,0.38094928770057956
SAMN08707431,SRP135559.OTU184,SRP135559.OTU362,-0.47435841094129677
SAMN08707431,SRP135559.OTU227,SRP135559.OTU362,0.6903356447029204
SAMN08707421,SRP135559.OTU32,SRP135559.OTU362,-0.8651389034902164
SAMN08707421,SRP135559.OTU59,SRP135559.OTU362,-1.082019024801735
SAMN08707421,SRP135559.OTU76,SRP135559.OTU362,-0.9062466246432844
SAMN08707421,SRP135559.OTU181,SRP135559.OTU362,1.1529376801929991
SAMN08707421,SRP135559.OTU220,SRP135559.OTU362,-1.9810347135668631
SAMN08707421,SRP135559.OTU297,SRP135559.OTU362,-1.421767575712936
SAMN08707426,SRP135559.OTU1,SRP135559.OTU483,-0.4875309574571117
SAMN08707426,SRP135559.OTU2,SRP135559.OTU483,0.3676409697794551
SAMN08707426,SRP135559.OTU4,SRP135559.OTU483,-0.379202905129776
SAMN08707426,SRP135559.OTU5,SRP135559.OTU483,0.4146449196965491
SAMN08707426,SRP135559.OTU13,SRP135559.OTU483,0.38120064848400037
SAMN08707426,SRP135559.OTU15,SRP135559.OTU483,0.7173004833527685
SAMN08707426,SRP135559.OTU16,SRP135559.OTU483,-0.516619242173523
SAMN08707426,SRP135559.OTU22,SRP135559.OTU483,0.7015936223682265
SAMN08707426,SRP135559.OTU36,SRP135559.OTU483,0.4047333974478391
SAMN08707426,SRP135559.OTU38,SRP135559.OTU483,-0.4392723455791572
SAMN08707426,SRP135559.OTU55,SRP135559.OTU483,0.7282948205699148
SAMN08707426,SRP135559.OTU61,SRP135559.OTU483,0.5687222580696148
SAMN08707426,SRP135559.OTU128,SRP135559.OTU483,-0.39537320118030606
SAMN08707426,SRP135559.OTU129,SRP135559.OTU483,-0.48666958840953695
SAMN08707426,SRP135559.OTU158,SRP135559.OTU483,-0.6002826564036976
SAMN08707426,SRP135559.OTU179,SRP135559.OTU483,0.418212079263521
SAMN08707426,SRP135559.OTU185,SRP135559.OTU483,0.706896533880071
SAMN08707426,SRP135559.OTU246,SRP135559.OTU483,-0.6102492701501515
SAMN08707428,SRP135559.OTU8,SRP135559.OTU483,-0.35763819800517066
SAMN08707428,SRP135559.OTU77,SRP135559.OTU483,-0.37287987675207446
SAMN08707421,SRP135559.OTU4,SRP135559.OTU483,0.8133731548791571
SAMN08707421,SRP135559.OTU29,SRP135559.OTU483,0.8402065893602296
SAMN08707421,SRP135559.OTU32,SRP135559.OTU483,-1.1285664835460134
SAMN08707421,SRP135559.OTU38,SRP135559.OTU483,-0.9740056515370593
SAMN08707421,SRP135559.OTU51,SRP135559.OTU483,-0.859788039596955
SAMN08707421,SRP135559.OTU59,SRP135559.OTU483,-1.4114847928164982
SAMN08707421,SRP135559.OTU76,SRP135559.OTU483,-1.1821911629138542
SAMN08707421,SRP135559.OTU181,SRP135559.OTU483,1.5039975872473592
SAMN08707421,SRP135559.OTU220,SRP135559.OTU483,-2.584243260189977
SAMN08707421,SRP135559.OTU297,SRP135559.OTU483,-1.8546839436636595
SAMN08707421,SRP135559.OTU362,SRP135559.OTU483,1.079247462359191
